[{"malv": 101.0, "Tenlv": "NMTĐ Hòa Bình + NMN Vinaconex", "tongsotien": 2500000000.0, "dgia": 269865.1}, {"malv": 102.0, "Tenlv": "NMTĐ Bá Thước 1", "tongsotien": 2000000000.0, "dgia": 7582.161}, {"malv": 103.0, "Tenlv": "NMTĐ Bá Thước 2", "tongsotien": 1500000000.0, "dgia": 12186.36}, {"malv": 104.0, "Tenlv": "NMTĐ Trung Sơn", "tongsotien": 1500000000.0, "dgia": 53415.98}, {"malv": 105.0, "Tenlv": "NMN Sông Đà + NMN Vinaconex", "tongsotien": 1500000000.0, "dgia": 4348.445}, {"malv": 106.0, "Tenlv": "NMTĐ So Lo 1", "tongsotien": 1500000000.0, "dgia": 275908.2}, {"malv": 107.0, "Tenlv": "NMTĐ So Lo 2", "tongsotien": 1500000000.0, "dgia": 220375.3}, {"malv": 108.0, "Tenlv": "NMTĐ Suối Nhập", "tongsotien": 1500000000.0, "dgia": 29320.94}, {"malv": 109.0, "Tenlv": "NMTĐ Đồng Chum", "tongsotien": 1500000000.0, "dgia": 51247.08}, {"malv": 110.0, "Tenlv": "NMTĐ Vạn Mai", "tongsotien": 1500000000.0, "dgia": 3605.6}, {"malv": 111.0, "Tenlv": "NMTĐ Suối Tráng", "tongsotien": 1500000000.0, "dgia": 70500.3}, {"malv": 112.0, "Tenlv": "NMTĐ Định Cư", "tongsotien": 1500000000.0, "dgia": 5766.64}, {"malv": 113.0, "Tenlv": "NMTĐ Hồ Trọng", "tongsotien": 1500000000.0, "dgia": 24016.28}, {"malv": 114.0, "Tenlv": "NMTĐ Suối Mu", "tongsotien": 1500000000.0, "dgia": 160800.5}, {"malv": 115.0, "Tenlv": "NMTĐ Miền Đồi", "tongsotien": 1500000000.0, "dgia": 79697.29}, {"malv": 116.0, "Tenlv": "NMTĐ Thanh Sơn", "tongsotien": 1500000000.0, "dgia": 8022.026}, {"malv": 117.0, "Tenlv": "NMTĐ Cẩm Thủy 1", "tongsotien": 1500000000.0, "dgia": 11105.23}]