[{"malv": 101.0, "Tenlv": "Chi Khê", "tongsotien": 2500000000.0, "dgia": 269865.1}, {"malv": 102.0, "Tenlv": "Khe Bố", "tongsotien": 2000000000.0, "dgia": 7582.161}, {"malv": 103.0, "Tenlv": "Bản Ang ", "tongsotien": 1500000000.0, "dgia": 12186.36}, {"malv": 104.0, "Tenlv": "Bản Vẽ", "tongsotien": 1500000000.0, "dgia": 53415.98}, {"malv": 105.0, "Tenlv": "Xuân Minh", "tongsotien": 1500000000.0, "dgia": 4348.445}, {"malv": 106.0, "Tenlv": "Bái Thượng", "tongsotien": 1500000000.0, "dgia": 275908.2}, {"malv": 107.0, "Tenlv": "Hủa Na", "tongsotien": 1500000000.0, "dgia": 220375.3}, {"malv": 108.0, "Tenlv": "Cửa Đạt", "tongsotien": 1500000000.0, "dgia": 29320.94}, {"malv": 109.0, "Tenlv": "Đồng Văn", "tongsotien": 1500000000.0, "dgia": 51247.08}, {"malv": 110.0, "Tenlv": "Nậm Pông", "tongsotien": 1500000000.0, "dgia": 3605.6}, {"malv": 111.0, "Tenlv": "Nậm Nơn", "tongsotien": 1500000000.0, "dgia": 70500.3}, {"malv": 112.0, "Tenlv": "Nậm Mô", "tongsotien": 1500000000.0, "dgia": 5766.64}, {"malv": 113.0, "Tenlv": "Nậm Cắn", "tongsotien": 1500000000.0, "dgia": 24016.28}, {"malv": 114.0, "Tenlv": "Xóong Con", "tongsotien": 1500000000.0, "dgia": 160800.5}, {"malv": 115.0, "Tenlv": "Khe Choăng", "tongsotien": 1500000000.0, "dgia": 79697.29}, {"malv": 116.0, "Tenlv": "Khe Thơi ", "tongsotien": 1500000000.0, "dgia": 8022.026}, {"malv": 117.0, "Tenlv": "Can Nan 1", "tongsotien": 1500000000.0, "dgia": 11105.23}, {"malv": 118.0, "Tenlv": "Can Nan 2", "tongsotien": 1500000000.0, "dgia": 11105.23}, {"malv": 119.0, "Tenlv": "Ca Lôi", "tongsotien": 1500000000.0, "dgia": 11105.23}, {"malv": 120.0, "Tenlv": "Bản Cánh", "tongsotien": 1500000000.0, "dgia": 11105.23}, {"malv": 121.0, "Tenlv": "Dốc Cáy", "tongsotien": 1500000000.0, "dgia": 11105.23}]